subsequence,sprot_start,sprot_end,sprot_loc,dl_start,dl_end,dl_loc
"['MSTQSTHP', 'GIPESP', 'GIPESP', 'GIPESP', 'GIPESP', 'GIPESP', 'GIPESP', 'GIPESP', 'GIPESP', 'GIPESP', 'GIPESP', 'MSTQSTHP', 'MSTQSTHP', 'GIPESP', 'GIPESP', 'GIPESP', 'GIPESP', 'GIPESP', 'GIPESP', 'GIPESP', 'GIPESP', 'GIPESP', 'GIPESP', 'GIPESP', 'GIPESP']","[1, 458, 458, 482, 470, 2496, 457, 458, 482, 482, 811, 46, 1, 19, 456, 458, 458, 482, 470, 489, 470, 470, 470, 470, 2496]","[8, 463, 463, 487, 475, 2501, 462, 463, 487, 487, 816, 53, 8, 24, 461, 463, 463, 487, 475, 494, 475, 475, 475, 475, 2501]","['Cytoplasm', 'Membrane', 'Membrane', 'Cell membrane', 'Cell membrane', 'Membrane', 'Membrane', 'Membrane', 'Cell membrane', 'Cell membrane', 'Secreted', 'Cytoplasm', 'Cytoplasm', 'Cytoplasm', 'Membrane', 'Membrane', 'Membrane', 'Cell membrane', 'Cell membrane', 'Virion', 'Cell membrane', 'Cell membrane', 'Cell membrane', 'Cell membrane', 'Membrane']","[0, 18, 18, 18, 18, 18, 18, 18, 18, 18, 18, 0, 0, 18, 18, 18, 18, 18, 18, 18, 18, 18, 18, 18, 18]","[8, 24, 24, 24, 24, 24, 24, 24, 24, 24, 24, 8, 8, 24, 24, 24, 24, 24, 24, 24, 24, 24, 24, 24, 24]",Endoplasmic.reticulum
"['TRTVV', 'TFQTA', 'TFQTA', 'TRTVV', 'TRTVV', 'TRTVV', 'TRTVV', 'TRTVV', 'TFQTA', 'TFQTA', 'TFQTA', 'TRTVV', 'TRTVV', 'TRTVV', 'TRTVV', 'TRTVV', 'TRTVV', 'TRTVV', 'TFQTA', 'TFQTA', 'TFQTA', 'TFQTA', 'TRTVV', 'TRTVV', 'TFQTA', 'TFQTA', 'TFQTA', 'TRTVV', 'TRTVV', 'TRTVV', 'TRTVV', 'TRTVV', 'TRTVV', 'TRTVV', 'TRTVV', 'TRTVV', 'TRTVV', 'TFQTA', 'TFQTA', 'TFQTA', 'TFQTA', 'TFQTA', 'TFQTA', 'TRTVV', 'TRTVV', 'TRTVV', 'TFQTA', 'TFQTA', 'TRTVV', 'TRTVV', 'TRTVV', 'TFQTA', 'TRTVV', 'TRTVV', 'TRTVV', 'TRTVV', 'TFQTA', 'TFQTA', 'TRTVV', 'TRTVV', 'TRTVV', 'TRTVV', 'TFQTA', 'TRTVV', 'TFQTA', 'TFQTA', 'TFQTA', 'TFQTA']","[56, 232, 74, 71, 339, 150, 308, 91, 670, 451, 41, 331, 83, 615, 976, 854, 854, 183, 79, 76, 79, 139, 33, 33, 300, 111, 56, 236, 124, 104, 104, 339, 123, 344, 344, 343, 343, 654, 111, 216, 786, 794, 974, 424, 153, 619, 547, 669, 330, 502, 83, 1709, 498, 16, 16, 1164, 3121, 232, 405, 14, 448, 21, 158, 33, 74, 124, 124, 56]","[60, 236, 78, 75, 343, 154, 312, 95, 674, 455, 45, 335, 87, 619, 980, 858, 858, 187, 83, 80, 83, 143, 37, 37, 304, 115, 60, 240, 128, 108, 108, 343, 127, 348, 348, 347, 347, 658, 115, 220, 790, 798, 978, 428, 157, 623, 551, 673, 334, 506, 87, 1713, 502, 20, 20, 1168, 3125, 236, 409, 18, 452, 25, 162, 37, 78, 128, 128, 60]","['Secreted', 'Cytoplasm', 'Lysosome membrane', 'Cell membrane', 'Secreted', 'Cytoplasm', 'Membrane', 'Lipid droplet', 'Nucleus', 'Endoplasmic reticulum membrane', 'Nucleus', 'Cell membrane', 'Cytoplasmic granule', 'Golgi apparatus', 'Nucleus', 'Membrane', 'Membrane', 'Endoplasmic reticulum lumen', 'Nucleus', 'Nucleus', 'Nucleus', 'Nucleus', 'Plastid', 'Plastid', 'Cell membrane', 'Cell inner membrane', 'Secreted', 'Cell inner membrane', 'Secreted', 'Cytoplasm', 'Cytoplasm', 'Secreted', 'Membrane', 'Cell inner membrane', 'Cell inner membrane', 'Cell inner membrane', 'Cell inner membrane', 'Cell outer membrane', 'Nucleus', 'Cytoplasm', 'Cytoplasm', 'Cytoplasm', 'Plastid', 'Cytoplasm', 'Cell inner membrane', 'Plastid', 'Endoplasmic reticulum membrane', 'Nucleus', 'Cell membrane', 'Lysosome membrane', 'Cytoplasm', 'Cytoplasm', 'Lysosome membrane', 'Nucleus', 'Nucleus', 'Cytoplasm', 'Membrane', 'Cytoplasm', 'Cell membrane', 'Mitochondrion', 'Secreted', 'Virion', 'Cell membrane', 'Plastid', 'Lysosome membrane', 'Secreted', 'Secreted', 'Cytoplasm']","[13, 29, 29, 13, 13, 13, 13, 13, 29, 29, 29, 13, 13, 13, 13, 13, 13, 13, 29, 29, 29, 29, 13, 13, 29, 29, 29, 13, 13, 13, 13, 13, 13, 13, 13, 13, 13, 29, 29, 29, 29, 29, 29, 13, 13, 13, 29, 29, 13, 13, 13, 29, 13, 13, 13, 13, 29, 29, 13, 13, 13, 13, 29, 13, 29, 29, 29, 29]","[18, 34, 34, 18, 18, 18, 18, 18, 34, 34, 34, 18, 18, 18, 18, 18, 18, 18, 34, 34, 34, 34, 18, 18, 34, 34, 34, 18, 18, 18, 18, 18, 18, 18, 18, 18, 18, 34, 34, 34, 34, 34, 34, 18, 18, 18, 34, 34, 18, 18, 18, 34, 18, 18, 18, 18, 34, 34, 18, 18, 18, 18, 34, 18, 34, 34, 34, 34]",Endoplasmic.reticulum
"['TPEVN', 'TPEVN', 'TPEVN', 'TPEVN', 'TPEVN', 'TPEVN', 'TPEVN', 'TPEVN', 'TPEVN', 'TPEVN', 'TPEVN', 'TPEVN', 'TPEVN', 'TPEVN', 'TPEVN', 'TPEVN', 'TPEVN', 'TPEVN', 'TPEVN', 'TPEVN', 'TPEVN', 'TPEVN', 'TPEVN', 'TPEVN', 'TPEVN', 'TPEVN', 'TPEVN', 'TPEVN', 'TPEVN', 'TPEVN', 'TPEVN', 'TPEVN', 'TPEVN', 'TPEVN', 'TPEVN', 'TPEVN', 'TPEVN', 'TPEVN', 'TPEVN', 'TPEVN', 'TPEVN', 'TPEVN', 'TPEVN', 'TPEVN', 'TPEVN', 'TPEVN', 'TPEVN', 'TPEVN', 'TPEVN', 'TPEVN', 'TPEVN', 'TPEVN', 'TPEVN', 'TPEVN', 'TPEVN', 'TPEVN', 'TPEVN', 'TPEVN', 'TPEVN', 'TPEVN', 'TPEVN', 'TPEVN']","[49, 116, 191, 464, 62, 62, 1097, 1238, 145, 173, 116, 20, 331, 116, 116, 116, 46, 249, 351, 111, 111, 796, 253, 595, 774, 776, 900, 36, 111, 111, 151, 227, 49, 49, 49, 124, 116, 63, 39, 20, 20, 20, 20, 20, 20, 20, 333, 111, 62, 62, 111, 543, 314, 314, 197, 245, 796, 796, 796, 461, 900, 983]","[53, 120, 195, 468, 66, 66, 1101, 1242, 149, 177, 120, 24, 335, 120, 120, 120, 50, 253, 355, 115, 115, 800, 257, 599, 778, 780, 904, 40, 115, 115, 155, 231, 53, 53, 53, 128, 120, 67, 43, 24, 24, 24, 24, 24, 24, 24, 337, 115, 66, 66, 115, 547, 318, 318, 201, 249, 800, 800, 800, 465, 904, 987]","['Secreted', 'Nucleus speckle', 'Cell membrane', 'Golgi apparatus', 'Endoplasmic reticulum membrane', 'Endoplasmic reticulum membrane', 'Chromosome', 'Secreted', 'Membrane', 'Secreted', 'Nucleus speckle', 'Secreted', 'Cytoplasm', 'Nucleus speckle', 'Nucleus speckle', 'Nucleus speckle', 'Cell membrane', 'Nucleus', 'Cytoplasm', 'Host endoplasmic reticulum membrane', 'Host membrane', 'Cell inner membrane', 'Cell inner membrane', 'Mitochondrion membrane', 'Cytoplasm', 'Nucleus', 'Virion tegument', 'Cytoplasm', 'Host endoplasmic reticulum membrane', 'Host membrane', 'Cytoplasm', 'Cell inner membrane', 'Secreted', 'Secreted', 'Secreted', 'Membrane', 'Nucleus speckle', 'Cytoplasm', 'Cytoplasm', 'Secreted', 'Secreted', 'Secreted', 'Secreted', 'Secreted', 'Secreted', 'Secreted', 'Cell membrane', 'Host endoplasmic reticulum membrane', 'Endoplasmic reticulum membrane', 'Endoplasmic reticulum membrane', 'Host membrane', 'Nucleus', 'Cytoplasm', 'Cytoplasm', 'Cell membrane', 'Cell inner membrane', 'Cell inner membrane', 'Cell inner membrane', 'Cell inner membrane', 'Cytoplasm', 'Virion tegument', 'Cell membrane']","[190, 190, 190, 190, 190, 190, 190, 190, 190, 190, 190, 190, 190, 190, 190, 190, 190, 190, 190, 190, 190, 190, 190, 190, 190, 190, 190, 190, 190, 190, 190, 190, 190, 190, 190, 190, 190, 190, 190, 190, 190, 190, 190, 190, 190, 190, 190, 190, 190, 190, 190, 190, 190, 190, 190, 190, 190, 190, 190, 190, 190, 190]","[195, 195, 195, 195, 195, 195, 195, 195, 195, 195, 195, 195, 195, 195, 195, 195, 195, 195, 195, 195, 195, 195, 195, 195, 195, 195, 195, 195, 195, 195, 195, 195, 195, 195, 195, 195, 195, 195, 195, 195, 195, 195, 195, 195, 195, 195, 195, 195, 195, 195, 195, 195, 195, 195, 195, 195, 195, 195, 195, 195, 195, 195]",Lysosome/Vacuole
"['MATSE', 'MATSE', 'MATSE', 'MATSE', 'MATSE', 'MATSE', 'MATSE', 'MATSE', 'MATSE', 'MATSE', 'MATSE', 'MATSE', 'MATSE', 'MATSE', 'MATSE', 'MATSE', 'MATSE', 'MATSE', 'MATSE', 'MATSE', 'MATSE', 'MATSE', 'MATSE', 'MATSE', 'MATSE', 'MATSE', 'MATSE', 'MATSE', 'MATSE', 'MATSE', 'MATSE', 'MATSE', 'MATSE', 'MATSE', 'MATSE', 'MATSE', 'MATSE', 'MATSE', 'MATSE', 'MATSE', 'MATSE', 'MATSE', 'MATSE', 'MATSE', 'MATSE', 'MATSE', 'MATSE', 'MATSE', 'MATSE', 'MATSE', 'MATSE', 'MATSE', 'MATSE', 'MATSE', 'MATSE', 'MATSE', 'MATSE', 'MATSE', 'MATSE', 'MATSE', 'MATSE', 'MATSE', 'MATSE', 'MATSE', 'MATSE', 'MATSE', 'MATSE', 'MATSE', 'MATSE', 'MATSE', 'MATSE', 'MATSE']","[1, 6, 415, 377, 89, 191, 197, 204, 368, 103, 341, 340, 415, 415, 389, 389, 1, 387, 415, 1, 431, 204, 494, 1, 538, 273, 1, 1, 1, 1, 365, 365, 415, 17, 145, 118, 1, 1, 39, 1, 191, 1, 130, 114, 120, 120, 20, 177, 84, 210, 182, 1, 1, 172, 375, 415, 498, 498, 273, 273, 273, 273, 300, 1, 544, 377, 377, 93, 629, 190, 167, 167]","[5, 10, 419, 381, 93, 195, 201, 208, 372, 107, 345, 344, 419, 419, 393, 393, 5, 391, 419, 5, 435, 208, 498, 5, 542, 277, 5, 5, 5, 5, 369, 369, 419, 21, 149, 122, 5, 5, 43, 5, 195, 5, 134, 118, 124, 124, 24, 181, 88, 214, 186, 5, 5, 176, 379, 419, 502, 502, 277, 277, 277, 277, 304, 5, 548, 381, 381, 97, 633, 194, 171, 171]","['Cytoplasm', 'Cell membrane', 'Cell junction', 'Cell junction', 'Cell membrane', 'Cytoplasm', 'Cytoplasm', 'Cytoplasm', 'Cell junction', 'Cytoplasm', 'Cytoplasm', 'Cytoplasm', 'Cytoplasm', 'Cytoplasm', 'Cytoplasm', 'Cytoplasm', 'Cytoplasm', 'Golgi apparatus membrane', 'Cell junction', 'Membrane', 'Nucleus', 'Cytoplasm', 'Membrane', 'Cytoplasmic vesicle', 'Cytoplasm', 'Cytoplasm', 'Nucleus', 'Nucleus', 'Membrane', 'Host nucleus', 'Cell junction', 'Cell junction', 'Cytoplasm', 'Secreted', 'Cytoplasm', 'Membrane', 'Cytoplasm', 'Cell membrane', 'Cell membrane', 'Cytoplasm', 'Cytoplasm', 'Cytoplasm', 'Virion', 'Virion', 'Virion', 'Virion', 'Perikaryon', 'Cytoplasm', 'Cytoplasm', 'Nucleus', 'Cytoplasm', 'Cytoplasm', 'Cytoplasm', 'Endoplasmic reticulum membrane', 'Cell junction', 'Cell junction', 'Cytoplasm', 'Cytoplasm', 'Cytoplasm', 'Cytoplasm', 'Cytoplasm', 'Cytoplasm', 'Cytoplasm', 'Host cytoplasm', 'Endomembrane system', 'Cell junction', 'Cell junction', 'Cytoplasm', 'Nucleus', 'Cytoplasm', 'Fimbrium', 'Fimbrium']","[0, 0, 0, 0, 0, 0, 0, 0, 0, 0, 0, 0, 0, 0, 0, 0, 0, 0, 0, 0, 0, 0, 0, 0, 0, 0, 0, 0, 0, 0, 0, 0, 0, 0, 0, 0, 0, 0, 0, 0, 0, 0, 0, 0, 0, 0, 0, 0, 0, 0, 0, 0, 0, 0, 0, 0, 0, 0, 0, 0, 0, 0, 0, 0, 0, 0, 0, 0, 0, 0, 0, 0]","[5, 5, 5, 5, 5, 5, 5, 5, 5, 5, 5, 5, 5, 5, 5, 5, 5, 5, 5, 5, 5, 5, 5, 5, 5, 5, 5, 5, 5, 5, 5, 5, 5, 5, 5, 5, 5, 5, 5, 5, 5, 5, 5, 5, 5, 5, 5, 5, 5, 5, 5, 5, 5, 5, 5, 5, 5, 5, 5, 5, 5, 5, 5, 5, 5, 5, 5, 5, 5, 5, 5, 5]",Cell.membrane
['AQTLNSNPE'],[9],[17],['Nucleus'],[8],[17],Endoplasmic.reticulum
"['MITKI', 'MITKI', 'MITKI', 'MITKI', 'MITKI', 'MITKI', 'MITKI', 'MITKI', 'MITKI', 'MITKI', 'MITKI', 'MITKI', 'MITKI', 'MITKI', 'MITKI', 'MITKI', 'MITKI', 'MITKI', 'MITKI', 'MITKI', 'MITKI', 'MITKI', 'MITKI', 'MITKI', 'MITKI', 'MITKI', 'MITKI', 'MITKI', 'MITKI', 'MITKI', 'MITKI', 'MITKI', 'MITKI', 'MITKI', 'MITKI', 'MITKI', 'MITKI']","[158, 530, 276, 97, 1, 223, 226, 778, 648, 59, 59, 59, 4, 97, 318, 1, 303, 321, 223, 223, 218, 218, 218, 218, 221, 223, 223, 223, 223, 223, 162, 120, 158, 293, 156, 181, 355]","[162, 534, 280, 101, 5, 227, 230, 782, 652, 63, 63, 63, 8, 101, 322, 5, 307, 325, 227, 227, 222, 222, 222, 222, 225, 227, 227, 227, 227, 227, 166, 124, 162, 297, 160, 185, 359]","['Cytoplasm', 'Nucleus', 'Membrane', 'Nucleus', 'Cytoplasm', 'Cytoplasm', 'Cytoplasm', 'Cell membrane', 'Cell membrane', 'Secreted', 'Secreted', 'Secreted', 'Secreted', 'Nucleus', 'Cytoplasm', 'Secreted', 'Cytoplasm', 'Cytoplasm', 'Cytoplasm', 'Cytoplasm', 'Cytoplasm', 'Cytoplasm', 'Cytoplasm', 'Cytoplasm', 'Cytoplasm', 'Cytoplasm', 'Cytoplasm', 'Cytoplasm', 'Cytoplasm', 'Cytoplasm', 'Cytoplasm', 'Cell inner membrane', 'Cytoplasm', 'Cytoplasm', 'Cell membrane', 'Virion', 'Nucleus']","[58, 58, 58, 58, 58, 58, 58, 58, 58, 58, 58, 58, 58, 58, 58, 58, 58, 58, 58, 58, 58, 58, 58, 58, 58, 58, 58, 58, 58, 58, 58, 58, 58, 58, 58, 58, 58]","[63, 63, 63, 63, 63, 63, 63, 63, 63, 63, 63, 63, 63, 63, 63, 63, 63, 63, 63, 63, 63, 63, 63, 63, 63, 63, 63, 63, 63, 63, 63, 63, 63, 63, 63, 63, 63]",Endoplasmic.reticulum
['QTTQNGR'],[67],[73],['Endoplasmic reticulum lumen'],[66],[73],Lysosome/Vacuole
"['NLTEAPHN', 'NLTEAPHN', 'NLTEAPHN', 'NLTEAPHN', 'DHNHI', 'ANTTF', 'ANTTF', 'ANTTF', 'ANTTF', 'ANTTF', 'TGTMA', 'TGTMA', 'TGTMA', 'TGTMA', 'ANTTF', 'DHNHI', 'DHNHI', 'DHNHI', 'TGTMA', 'TGTMA', 'ANTTF', 'TGTMA', 'TGTMA', 'TGTMA', 'TGTMA', 'ANTTF', 'ANTTF', 'ANTTF', 'ANTTF', 'ANTTF', 'ANTTF', 'TGTMA', 'TGTMA', 'ANTTF', 'TGTMA', 'TGTMA', 'TGTMA', 'ANTTF', 'ANTTF', 'ANTTF', 'ANTTF', 'ANTTF', 'DHNHI', 'DHNHI', 'ANTTF', 'ANTTF', 'ANTTF', 'ANTTF', 'DHNHI', 'DHNHI', 'DHNHI', 'DHNHI', 'TGTMA', 'TGTMA', 'TGTMA', 'TGTMA', 'TGTMA', 'TGTMA', 'TGTMA', 'ANTTF', 'TGTMA', 'ANTTF', 'ANTTF', 'ANTTF', 'TGTMA', 'TGTMA', 'ANTTF']","[56, 56, 56, 56, 4, 327, 327, 296, 11, 128, 424, 92, 127, 178, 438, 93, 93, 93, 189, 67, 72, 37, 226, 425, 424, 162, 239, 255, 381, 135, 8, 337, 134, 959, 168, 169, 525, 438, 271, 197, 272, 272, 97, 112, 51, 26, 26, 26, 324, 93, 93, 93, 162, 67, 23, 168, 178, 169, 168, 148, 109, 115, 200, 295, 346, 331, 106]","[63, 63, 63, 63, 8, 331, 331, 300, 15, 132, 428, 96, 131, 182, 442, 97, 97, 97, 193, 71, 76, 41, 230, 429, 428, 166, 243, 259, 385, 139, 12, 341, 138, 963, 172, 173, 529, 442, 275, 201, 276, 276, 101, 116, 55, 30, 30, 30, 328, 97, 97, 97, 166, 71, 27, 172, 182, 173, 172, 152, 113, 119, 204, 299, 350, 335, 110]","['Cell membrane', 'Cell membrane', 'Cell membrane', 'Cell membrane', 'Cell junction', 'Endoplasmic reticulum membrane', 'Endoplasmic reticulum membrane', 'Endoplasmic reticulum membrane', 'Cell membrane', 'Cell membrane', 'Cell membrane', 'Mitochondrion', 'Mitochondrion', 'Membrane', 'Cell membrane', 'Cell membrane', 'Cell membrane', 'Cell membrane', 'Cytoplasm', 'Cytoplasm', 'Plastid', 'Cytoplasm', 'Nucleus', 'Cell membrane', 'Cell membrane', 'Fimbrium', 'Plastid', 'Secreted', 'Plastid', 'Nucleus', 'Mitochondrion', 'Cytoplasm', 'Nucleus', 'Plastid', 'Membrane', 'Membrane', 'Cytoplasm', 'Cell membrane', 'Virion', 'Secreted', 'Virion', 'Virion', 'Cell membrane', 'Plastid', 'Mitochondrion membrane', 'Cytoplasm', 'Cytoplasm', 'Cytoplasm', 'Nucleus', 'Cell membrane', 'Cell membrane', 'Cell membrane', 'Periplasm', 'Cytoplasm', 'Cytoplasm', 'Membrane', 'Membrane', 'Membrane', 'Membrane', 'Cellular thylakoid membrane', 'Nucleus', 'Cytoplasm', 'Cytoplasm', 'Nucleus', 'Nucleus', 'Cell membrane', 'Secreted']","[55, 55, 55, 55, 96, 128, 128, 128, 128, 128, 430, 430, 430, 430, 128, 96, 96, 96, 430, 430, 128, 430, 430, 430, 430, 128, 128, 128, 128, 128, 128, 430, 430, 128, 430, 430, 430, 128, 128, 128, 128, 128, 96, 96, 128, 128, 128, 128, 96, 96, 96, 96, 430, 430, 430, 430, 430, 430, 430, 128, 430, 128, 128, 128, 430, 430, 128]","[63, 63, 63, 63, 101, 133, 133, 133, 133, 133, 435, 435, 435, 435, 133, 101, 101, 101, 435, 435, 133, 435, 435, 435, 435, 133, 133, 133, 133, 133, 133, 435, 435, 133, 435, 435, 435, 133, 133, 133, 133, 133, 101, 101, 133, 133, 133, 133, 101, 101, 101, 101, 435, 435, 435, 435, 435, 435, 435, 133, 435, 133, 133, 133, 435, 435, 133]",Endoplasmic.reticulum
"['LTMNSGG', 'LTNTS', 'PNNNN', 'PNNNN', 'PNNNN', 'LTNTS', 'LTNTS', 'LTNTS', 'PNNNN', 'PNNNN', 'PNNNN', 'LTNTS', 'LTNTS', 'LTNTS', 'LTNTS', 'LTNTS', 'LTNTS', 'LTNTS', 'LTNTS', 'LTNTS', 'LTNTS', 'LTNTS', 'LTNTS', 'LTNTS', 'PNNNN', 'PNNNN', 'PNNNN', 'LTNTS', 'LTNTS', 'LTNTS', 'LTNTS', 'LTNTS', 'LTNTS', 'PNNNN', 'LTNTS', 'LTNTS', 'LTNTS', 'PNNNN', 'PNNNN', 'PNNNN', 'PNNNN', 'PNNNN', 'PNNNN', 'PNNNN', 'LTNTS', 'LTNTS', 'LTNTS', 'LTNTS', 'PNNNN', 'PNNNN', 'PNNNN', 'PNNNN', 'PNNNN', 'PNNNN', 'PNNNN', 'PNNNN', 'PNNNN', 'PNNNN', 'LTNTS', 'LTNTS', 'LTNTS', 'LTNTS', 'LTNTS', 'LTNTS', 'LTNTS', 'PNNNN', 'PNNNN', 'PNNNN', 'PNNNN', 'PNNNN', 'PNNNN', 'PNNNN', 'PNNNN', 'PNNNN', 'LTNTS', 'LTNTS', 'LTNTS', 'LTNTS', 'LTNTS', 'LTNTS', 'LTNTS', 'LTNTS']","[101, 133, 59, 256, 163, 237, 402, 383, 691, 604, 19, 426, 67, 338, 289, 738, 752, 717, 479, 479, 39, 39, 917, 711, 182, 181, 324, 732, 733, 735, 1753, 2598, 2621, 69, 149, 31, 48, 243, 140, 87, 257, 364, 121, 206, 158, 314, 151, 135, 242, 243, 243, 243, 92, 327, 332, 303, 163, 113, 71, 244, 151, 151, 338, 273, 110, 334, 412, 624, 328, 649, 55, 845, 201, 648, 238, 584, 601, 397, 55, 55, 67, 513]","[107, 137, 63, 260, 167, 241, 406, 387, 695, 608, 23, 430, 71, 342, 293, 742, 756, 721, 483, 483, 43, 43, 921, 715, 186, 185, 328, 736, 737, 739, 1757, 2602, 2625, 73, 153, 35, 52, 247, 144, 91, 261, 368, 125, 210, 162, 318, 155, 139, 246, 247, 247, 247, 96, 331, 336, 307, 167, 117, 75, 248, 155, 155, 342, 277, 114, 338, 416, 628, 332, 653, 59, 849, 205, 652, 242, 588, 605, 401, 59, 59, 71, 517]","['Cell membrane', 'Cell membrane', 'Cytoplasm', 'Secreted', 'Lysosome membrane', 'Cytoplasm', 'Membrane', 'Membrane', 'Cytoplasm', 'Cytoplasm', 'Nucleus', 'Nucleus', 'Nucleus', 'Membrane', 'Nucleus envelope', 'Cell membrane', 'Nucleus', 'Nucleus', 'Cytoplasm', 'Cytoplasm', 'Membrane', 'Membrane', 'Cytoplasmic vesicle', 'Cell membrane', 'Cytoplasm', 'Cytoplasm', 'Mitochondrion', 'Cytoplasm', 'Cytoplasm', 'Cytoplasm', 'Cell junction', 'Golgi apparatus', 'Golgi apparatus', 'Nucleus', 'Cell membrane', 'Secreted', 'Periplasm', 'Cell membrane', 'Nucleus', 'Nucleus', 'Nucleus', 'Cell membrane', 'Nucleus', 'Cytoplasm', 'Nucleus', 'Cytoplasm', 'Secreted', 'Endoplasmic reticulum', 'Cell membrane', 'Cell membrane', 'Cell membrane', 'Cell membrane', 'Cytoplasm', 'Nucleus', 'Nucleus', 'Plastid', 'Lysosome membrane', 'Membrane', 'Nucleus', 'Cell junction', 'Cell membrane', 'Cell membrane', 'Cell membrane', 'Membrane', 'Secreted', 'Nucleus', 'Nucleus', 'Cytoplasm', 'Nucleus', 'Endosome membrane', 'Cytoplasm', 'Cytoplasm', 'Nucleus', 'Nucleus', 'Cytoplasm', 'Membrane', 'Virion', 'Cytoplasm', 'Cell membrane', 'Cell membrane', 'Nucleus', 'Cell membrane']","[100, 145, 131, 131, 131, 145, 145, 145, 131, 131, 131, 145, 145, 145, 145, 145, 145, 145, 145, 145, 145, 145, 145, 145, 131, 131, 131, 145, 145, 145, 145, 145, 145, 131, 145, 145, 145, 131, 131, 131, 131, 131, 131, 131, 145, 145, 145, 145, 131, 131, 131, 131, 131, 131, 131, 131, 131, 131, 145, 145, 145, 145, 145, 145, 145, 131, 131, 131, 131, 131, 131, 131, 131, 131, 145, 145, 145, 145, 145, 145, 145, 145]","[107, 150, 136, 136, 136, 150, 150, 150, 136, 136, 136, 150, 150, 150, 150, 150, 150, 150, 150, 150, 150, 150, 150, 150, 136, 136, 136, 150, 150, 150, 150, 150, 150, 136, 150, 150, 150, 136, 136, 136, 136, 136, 136, 136, 150, 150, 150, 150, 136, 136, 136, 136, 136, 136, 136, 136, 136, 136, 150, 150, 150, 150, 150, 150, 150, 136, 136, 136, 136, 136, 136, 136, 136, 136, 150, 150, 150, 150, 150, 150, 150, 150]",Endoplasmic.reticulum
"['EAAYQT', 'EAAYQT', 'EAAYQT', 'EAAYQT', 'EAAYQT']","[169, 167, 169, 116, 125]","[174, 172, 174, 121, 130]","['Mitochondrion', 'Mitochondrion', 'Mitochondrion', 'Mitochondrion', 'Mitochondrion']","[168, 168, 168, 168, 168]","[174, 174, 174, 174, 174]",Endoplasmic.reticulum
"['VLVNVL', 'VLVNVL', 'VLVNVL', 'VLVNVL', 'VLVNVL', 'VLVNVL', 'VLVNVL', 'VLVNVL', 'VLVNVL', 'VLVNVL', 'VLVNVL', 'VLVNVL', 'VLVNVL', 'VLVNVL', 'VLVNVL', 'VLVNVL', 'VLVNVL', 'VLVNVL', 'VLVNVL', 'VLVNVL', 'VLVNVL', 'VLVNVL', 'VLVNVL', 'VLVNVL', 'VLVNVL', 'VLVNVL', 'VLVNVL', 'VLVNVL']","[271, 385, 129, 554, 598, 119, 209, 247, 554, 391, 129, 129, 39, 41, 197, 116, 209, 11, 11, 95, 126, 43, 104, 334, 129, 392, 565, 598]","[276, 390, 134, 559, 603, 124, 214, 252, 559, 396, 134, 134, 44, 46, 202, 121, 214, 16, 16, 100, 131, 48, 109, 339, 134, 397, 570, 603]","['Endoplasmic reticulum membrane', 'Cell membrane', 'Cytoplasm', 'Apical cell membrane', 'Cell junction', 'Endoplasmic reticulum membrane', 'Membrane', 'Cell inner membrane', 'Apical cell membrane', 'Cell membrane', 'Cytoplasm', 'Cytoplasm', 'Cell membrane', 'Cell membrane', 'Membrane', 'Cell membrane', 'Membrane', 'Cytoplasm', 'Cytoplasm', 'Cell inner membrane', 'Cell membrane', 'Cell inner membrane', 'Cytoplasm', 'Cell membrane', 'Cytoplasm', 'Cell membrane', 'Cell inner membrane', 'Cell junction']","[270, 270, 270, 270, 270, 270, 270, 270, 270, 270, 270, 270, 270, 270, 270, 270, 270, 270, 270, 270, 270, 270, 270, 270, 270, 270, 270, 270]","[276, 276, 276, 276, 276, 276, 276, 276, 276, 276, 276, 276, 276, 276, 276, 276, 276, 276, 276, 276, 276, 276, 276, 276, 276, 276, 276, 276]",Lysosome/Vacuole
"['TSTTAY', 'TSTTAY', 'TSTTAY', 'TSTTAY', 'TSTTAY', 'TSTTAY', 'TSTTAY', 'TSTTAY', 'TSTTAY', 'TSTTAY', 'TSTTAY', 'TSTTAY']","[117, 115, 15, 308, 118, 410, 308, 40, 410, 410, 308, 331]","[122, 120, 20, 313, 123, 415, 313, 45, 415, 415, 313, 336]","['Mitochondrion', 'Mitochondrion', 'Mitochondrion', 'Endoplasmic reticulum lumen', 'Mitochondrion', 'Secreted', 'Endoplasmic reticulum lumen', 'Mitochondrion', 'Secreted', 'Secreted', 'Endoplasmic reticulum lumen', 'Cytoplasm']","[116, 116, 116, 116, 116, 116, 116, 116, 116, 116, 116, 116]","[122, 122, 122, 122, 122, 122, 122, 122, 122, 122, 122, 122]",Lysosome/Vacuole
"['TQGNEVTSI', 'TQGNEVTSI', 'TQGNEVTSI', 'TQGNEVTSI', 'TQGNEVTSI', 'TQGNEVTSI', 'TQGNEVTSI', 'TQGNEVTSI']","[142, 142, 142, 142, 65, 142, 126, 87]","[150, 150, 150, 150, 73, 150, 134, 95]","['Cell membrane', 'Cell membrane', 'Cell membrane', 'Cell membrane', 'Cell membrane', 'Cell membrane', 'Cell membrane', 'Cell membrane']","[125, 125, 125, 125, 125, 125, 125, 125]","[134, 134, 134, 134, 134, 134, 134, 134]",Lysosome/Vacuole
"['RWNTHGHVSD', 'VGENVSD', 'VGENVSD', 'RWNTHGHVSD', 'RWNTHGHVSD']","[1049, 1132, 35, 1049, 1049]","[1058, 1138, 41, 1058, 1058]","['Cytoplasm', 'Cytoplasm', 'Nucleus', 'Cytoplasm', 'Cytoplasm']","[1156, 1224, 1224, 1156, 1156]","[1166, 1231, 1231, 1166, 1166]",Endoplasmic.reticulum
"['IKVSG', 'IKVSG', 'IKVSG', 'IKVSG', 'IKVSG', 'IKVSG', 'IKVSG', 'IKVSG', 'IKVSG', 'IKVSG', 'IKVSG', 'IKVSG', 'IKVSG', 'LANTID', 'LANTID', 'LANTID', 'IKVSG', 'IKVSG', 'IKVSG', 'IKVSG', 'IKVSG', 'IKVSG', 'IKVSG', 'IKVSG', 'IKVSG', 'IKVSG', 'IKVSG', 'IKVSG', 'IKVSG', 'IKVSG', 'IKVSG', 'IKVSG', 'IKVSG', 'IKVSG', 'IKVSG', 'LANTID', 'IKVSG', 'LANTID', 'IKVSG', 'LANTID', 'LANTID', 'IKVSG', 'IKVSG', 'IKVSG', 'IKVSG', 'IKVSG', 'IKVSG', 'IKVSG', 'IKVSG', 'IKVSG', 'IKVSG', 'IKVSG', 'IKVSG', 'IKVSG']","[214, 214, 106, 229, 227, 227, 126, 337, 974, 974, 1254, 1254, 4044, 94, 220, 221, 181, 16, 47, 316, 183, 128, 271, 94, 170, 701, 108, 517, 76, 683, 730, 549, 295, 69, 214, 19, 57, 187, 76, 227, 233, 31, 67, 89, 93, 93, 28, 7, 7, 119, 212, 146, 209, 8]","[218, 218, 110, 233, 231, 231, 130, 341, 978, 978, 1258, 1258, 4048, 99, 225, 226, 185, 20, 51, 320, 187, 132, 275, 98, 174, 705, 112, 521, 80, 687, 734, 553, 299, 73, 218, 24, 61, 192, 80, 232, 238, 35, 71, 93, 97, 97, 32, 11, 11, 123, 216, 150, 213, 12]","['Golgi apparatus membrane', 'Golgi apparatus membrane', 'Cytoplasm', 'Lysosome membrane', 'Lysosome membrane', 'Lysosome membrane', 'Mitochondrion', 'Cell membrane', 'Cytoplasm', 'Cytoplasm', 'Cytoplasm', 'Cytoplasm', 'Cytoplasm', 'Cell inner membrane', 'Golgi apparatus membrane', 'Golgi apparatus membrane', 'Nucleus', 'Plastid', 'Cytoplasm', 'Nucleus', 'Cytoplasm', 'Mitochondrion inner membrane', 'Cytoplasm', 'Membrane', 'Secreted', 'Cell outer membrane', 'Cytoplasm', 'Cytoplasm', 'Membrane', 'Cell inner membrane', 'Cytoplasm', 'Nucleus', 'Cell membrane', 'Periplasm', 'Golgi apparatus membrane', 'Golgi apparatus membrane', 'Secreted', 'Golgi apparatus membrane', 'Secreted', 'Golgi apparatus membrane', 'Golgi apparatus membrane', 'Plastid', 'Plastid', 'Nucleus', 'Cytoplasm', 'Cytoplasm', 'Plastid', 'Cytoplasm', 'Cytoplasm', 'Secreted', 'Cytoplasm', 'Cytoplasm', 'Cytoplasm', 'Cytoplasm']","[213, 213, 213, 213, 213, 213, 213, 213, 213, 213, 213, 213, 213, 222, 222, 222, 213, 213, 213, 213, 213, 213, 213, 213, 213, 213, 213, 213, 213, 213, 213, 213, 213, 213, 213, 222, 213, 222, 213, 222, 222, 213, 213, 213, 213, 213, 213, 213, 213, 213, 213, 213, 213, 213]","[218, 218, 218, 218, 218, 218, 218, 218, 218, 218, 218, 218, 218, 228, 228, 228, 218, 218, 218, 218, 218, 218, 218, 218, 218, 218, 218, 218, 218, 218, 218, 218, 218, 218, 218, 228, 218, 228, 218, 228, 228, 218, 218, 218, 218, 218, 218, 218, 218, 218, 218, 218, 218, 218]",Lysosome/Vacuole
"['SPSNGG', 'SPSNGG', 'SPSNGG', 'SPSNGG', 'SPSNGG', 'SPSNGG', 'SPSNGG', 'SPSNGG', 'SPSNGG']","[287, 118, 523, 513, 523, 287, 287, 467, 196]","[292, 123, 528, 518, 528, 292, 292, 472, 201]","['Cell membrane', 'Secreted', 'Secreted', 'Nucleus', 'Secreted', 'Cell membrane', 'Cell membrane', 'Nucleus', 'Apical cell membrane']","[117, 117, 117, 117, 117, 117, 117, 117, 117]","[123, 123, 123, 123, 123, 123, 123, 123, 123]",Lysosome/Vacuole
"['VSTAHPPT', 'VSTAHPPT']","[138, 138]","[145, 145]","['Secreted', 'Secreted']","[137, 137]","[145, 145]",Lysosome/Vacuole
"['VGYNII', 'AKTSS', 'AKTSS', 'PPNET', 'IVTNA', 'CREGV', 'CREGV', 'AITSQ', 'AITSQ', 'AITSQ', 'AKTSS', 'AKTSS', 'AKTSS', 'IVTNA', 'IVTNA', 'IVTNA', 'IVTNA', 'IVTNA', 'IVTNA', 'AITSQ', 'CREGV', 'AKTSS', 'AKTSS', 'AKTSS', 'AKTSS', 'AKTSS', 'IVTNA', 'AITSQ', 'AITSQ', 'AITSQ', 'PPNET', 'PPNET', 'AKTSS', 'AKTSS', 'AKTSS', 'AKTSS', 'IVTNA', 'IVTNA', 'PPNET', 'AITSQ', 'AITSQ', 'AITSQ', 'AKTSS', 'AKTSS', 'CREGV', 'IVTNA', 'CREGV', 'AITSQ', 'AITSQ', 'AITSQ', 'AKTSS', 'AITSQ', 'AKTSS', 'AKTSS', 'AITSQ', 'AITSQ', 'AITSQ', 'AKTSS', 'AKTSS', 'IVTNA', 'VQENGL', 'VQENGL', 'VQENGL', 'PPNET', 'AITSQ', 'AKTSS', 'CREGV', 'CREGV', 'PPNET', 'IVTNA', 'IVTNA', 'IVTNA', 'VGYNII', 'AKTSS', 'AKTSS', 'AKTSS', 'AKTSS', 'AKTSS', 'AKTSS', 'IVTNA', 'PPNET', 'PPNET', 'AITSQ']","[704, 46, 46, 609, 127, 385, 385, 57, 94, 2512, 79, 208, 185, 215, 215, 193, 193, 219, 224, 363, 310, 395, 298, 297, 180, 165, 165, 252, 32, 56, 22, 508, 396, 261, 177, 92, 141, 36, 357, 83, 32, 410, 603, 703, 906, 564, 1149, 1196, 1086, 1345, 1349, 902, 442, 603, 1873, 1387, 1371, 4964, 10207, 25, 126, 126, 65, 28, 149, 92, 55, 143, 40, 51, 125, 188, 770, 43, 76, 46, 246, 65, 212, 38, 61, 4, 57]","[709, 50, 50, 613, 131, 389, 389, 61, 98, 2516, 83, 212, 189, 219, 219, 197, 197, 223, 228, 367, 314, 399, 302, 301, 184, 169, 169, 256, 36, 60, 26, 512, 400, 265, 181, 96, 145, 40, 361, 87, 36, 414, 607, 707, 910, 568, 1153, 1200, 1090, 1349, 1353, 906, 446, 607, 1877, 1391, 1375, 4968, 10211, 29, 131, 131, 70, 32, 153, 96, 59, 147, 44, 55, 129, 192, 775, 47, 80, 50, 250, 69, 216, 42, 65, 8, 61]","['Cell membrane', 'Cell membrane', 'Cell membrane', 'Endoplasmic reticulum membrane', 'Mitochondrion', 'Mitochondrion inner membrane', 'Mitochondrion inner membrane', 'Membrane', 'Nucleus', 'Cell junction', 'Secreted', 'Cytoplasm', 'Secreted', 'Cell membrane', 'Cell membrane', 'Mitochondrion intermembrane space', 'Mitochondrion intermembrane space', 'Secreted', 'Secreted', 'Secreted', 'Cytoplasm', 'Nucleus', 'Nucleus', 'Nucleus', 'Cytoplasm', 'Cytoplasm', 'Endoplasmic reticulum membrane', 'Cytoplasm', 'Nucleus', 'Nucleus', 'Membrane', 'Membrane', 'Secreted', 'Nucleus', 'Nucleus', 'Cytoplasm', 'Cytoplasm', 'Cell membrane', 'Nucleus', 'Nucleus', 'Nucleus', 'Nucleus', 'Cytoplasm', 'Cytoplasm', 'Membrane', 'Cytoplasm', 'Secreted', 'Nucleus', 'Nucleus', 'Nucleus', 'Cell membrane', 'Nucleus', 'Cytoplasm', 'Cytoplasm', 'Nucleus', 'Cell projection', 'Cell projection', 'Cytoplasm', 'Cell membrane', 'Plastid', 'Cytoplasm', 'Cytoplasm', 'Plastid', 'Cytoplasm', 'Cytoplasm', 'Membrane', 'Cell inner membrane', 'Host nucleus', 'Secreted', 'Cellular thylakoid membrane', 'Cytoplasm', 'Cell membrane', 'Membrane', 'Plastid', 'Nucleus', 'Cell membrane', 'Endoplasmic reticulum membrane', 'Plastid', 'Endosome', 'Secreted', 'Cytoplasm', 'Cell membrane', 'Membrane']","[703, 3122, 3122, 2085, 958, 2115, 2115, 840, 840, 840, 3122, 3122, 3122, 958, 958, 958, 958, 958, 958, 840, 2115, 3122, 3122, 3122, 3122, 3122, 958, 840, 840, 840, 2085, 2085, 3122, 3122, 3122, 3122, 958, 958, 2085, 840, 840, 840, 3122, 3122, 2115, 958, 2115, 840, 840, 840, 3122, 840, 3122, 3122, 840, 840, 840, 3122, 3122, 958, 1586, 1586, 1586, 2085, 840, 3122, 2115, 2115, 2085, 958, 958, 958, 703, 3122, 3122, 3122, 3122, 3122, 3122, 958, 2085, 2085, 840]","[709, 3127, 3127, 2090, 963, 2120, 2120, 845, 845, 845, 3127, 3127, 3127, 963, 963, 963, 963, 963, 963, 845, 2120, 3127, 3127, 3127, 3127, 3127, 963, 845, 845, 845, 2090, 2090, 3127, 3127, 3127, 3127, 963, 963, 2090, 845, 845, 845, 3127, 3127, 2120, 963, 2120, 845, 845, 845, 3127, 845, 3127, 3127, 845, 845, 845, 3127, 3127, 963, 1592, 1592, 1592, 2090, 845, 3127, 2120, 2120, 2090, 963, 963, 963, 709, 3127, 3127, 3127, 3127, 3127, 3127, 963, 2090, 2090, 845]",Lysosome/Vacuole
"['ALNDVTGY', 'ALNDVTGY', 'ALNDVTGY', 'ALNDVTGY', 'ALNDVTGY', 'ALNDVTGY', 'ALNDVTGY', 'ALNDVTGY']","[168, 168, 153, 153, 142, 263, 181, 190]","[175, 175, 160, 160, 149, 270, 188, 197]","['Mitochondrion inner membrane', 'Mitochondrion inner membrane', 'Mitochondrion inner membrane', 'Mitochondrion inner membrane', 'Mitochondrion inner membrane', 'Mitochondrion inner membrane', 'Mitochondrion inner membrane', 'Mitochondrion inner membrane']","[167, 167, 167, 167, 167, 167, 167, 167]","[175, 175, 175, 175, 175, 175, 175, 175]",Lysosome/Vacuole
"['THTSQIEII', 'THTSQIEII']","[63, 63]","[71, 71]","['Nucleus', 'Nucleus']","[62, 62]","[71, 71]",Lysosome/Vacuole
"['AATESL', 'AATESL', 'AATESL', 'AETEKQ', 'AETEKQ', 'AETEKQ', 'AETEKQ', 'AATESL', 'AETEKQ', 'AATESL', 'AATESL', 'AATESL', 'AETEKQ', 'AATESL', 'AATESL', 'AATESL', 'AETEKQ', 'AETEKQ', 'AETEKQ', 'AETEKQ', 'AATESL', 'AATESL', 'AETEKQ']","[170, 171, 171, 450, 454, 46, 1103, 27, 428, 54, 310, 963, 46, 435, 27, 27, 137, 137, 42, 374, 133, 306, 1103]","[175, 176, 176, 455, 459, 51, 1108, 32, 433, 59, 315, 968, 51, 440, 32, 32, 142, 142, 47, 379, 138, 311, 1108]","['Secreted', 'Secreted', 'Secreted', 'Cytoplasm', 'Cytoplasm', 'Cytoplasm', 'Cell junction', 'Cytoplasm', 'Nucleus', 'Plastid', 'Endoplasmic reticulum lumen', 'Cytoplasm', 'Cytoplasm', 'Secreted', 'Cytoplasm', 'Cytoplasm', 'Cell membrane', 'Cell membrane', 'Cytoplasm', 'Cytoplasm', 'Secreted', 'Endoplasmic reticulum lumen', 'Cell junction']","[26, 26, 26, 33, 33, 33, 33, 26, 33, 26, 26, 26, 33, 26, 26, 26, 33, 33, 33, 33, 26, 26, 33]","[32, 32, 32, 39, 39, 39, 39, 32, 39, 32, 32, 32, 39, 32, 32, 32, 39, 39, 39, 39, 32, 32, 39]",Lysosome/Vacuole
"['EGVETL', 'EGVETL', 'ITEYV', 'EGVETL', 'ITEYV', 'ITEYV', 'ITEYV', 'ITEYV', 'ITEYV', 'ITEYV', 'ITEYV', 'ITEYV', 'ITEYV', 'EGVETL', 'EGVETL', 'ITEYV', 'ITEYV', 'ITEYV', 'ITEYV', 'ITEYV', 'ITEYV', 'ITEYV', 'ITEYV', 'ITEYV', 'ITEYV', 'EGVETL', 'ITEYV', 'EGVETL', 'EGVETL', 'EGVETL', 'EGVETL', 'ITEYV', 'ITEYV', 'ITEYV', 'ITEYV', 'ITEYV', 'ITEYV', 'ITEYV', 'ITEYV', 'ITEYV', 'ITEYV', 'ITEYV', 'EGVETL', 'EGVETL', 'EGVETL', 'EGVETL', 'EGVETL', 'EGVETL', 'EGVETL', 'EGVETL', 'EGVETL', 'EGVETL', 'EGVETL', 'EGVETL', 'EGVETL', 'EGVETL', 'EGVETL', 'ITEYV', 'EGVETL', 'ITEYV', 'ITEYV', 'ITEYV', 'ITEYV', 'ITEYV', 'ITEYV', 'ITEYV']","[343, 185, 28, 196, 505, 844, 454, 1063, 28421, 241, 246, 122, 120, 244, 154, 298, 275, 765, 476, 481, 442, 604, 1344, 1344, 74, 188, 243, 218, 221, 366, 262, 188, 188, 186, 327, 327, 327, 327, 327, 327, 327, 164, 154, 250, 250, 250, 250, 250, 250, 250, 250, 250, 250, 250, 250, 250, 182, 358, 746, 765, 825, 781, 841, 726, 604, 357]","[348, 190, 32, 201, 509, 848, 458, 1067, 28425, 245, 250, 126, 124, 249, 159, 302, 279, 769, 480, 485, 446, 608, 1348, 1348, 78, 193, 247, 223, 226, 371, 267, 192, 192, 190, 331, 331, 331, 331, 331, 331, 331, 168, 159, 255, 255, 255, 255, 255, 255, 255, 255, 255, 255, 255, 255, 255, 187, 362, 751, 769, 829, 785, 845, 730, 608, 361]","['Nucleus', 'Nucleus', 'Secreted', 'Nucleus', 'Cell membrane', 'Cytoplasm', 'Secreted', 'Membrane', 'Cytoplasm', 'Plastid', 'Cytoplasm', 'Cytoplasm', 'Cytoplasm', 'Cytoplasm', 'Mitochondrion inner membrane', 'Cytoplasm', 'Secreted', 'Cytoplasm', 'Membrane', 'Membrane', 'Host nucleus', 'Cytoplasm', 'Nucleus', 'Nucleus', 'Cytoplasm', 'Cytoplasm', 'Cytoplasm', 'Cytoplasm', 'Cytoplasm', 'Cytoplasm', 'Cytoplasm', 'Cytoplasm', 'Cytoplasm', 'Cytoplasm', 'Cytoplasm', 'Cytoplasm', 'Cytoplasm', 'Cytoplasm', 'Cytoplasm', 'Cytoplasm', 'Cytoplasm', 'Plastid', 'Mitochondrion inner membrane', 'Periplasm', 'Periplasm', 'Periplasm', 'Periplasm', 'Periplasm', 'Periplasm', 'Periplasm', 'Periplasm', 'Periplasm', 'Periplasm', 'Periplasm', 'Periplasm', 'Periplasm', 'Nucleus', 'Mitochondrion inner membrane', 'Cytoplasm', 'Cytoplasm', 'Cytoplasm', 'Cytoplasm', 'Cytoplasm', 'Cytoplasm', 'Cytoplasm', 'Cytoplasm']","[195, 195, 239, 195, 239, 239, 239, 239, 239, 239, 239, 239, 239, 195, 195, 239, 239, 239, 239, 239, 239, 239, 239, 239, 239, 195, 239, 195, 195, 195, 195, 239, 239, 239, 239, 239, 239, 239, 239, 239, 239, 239, 195, 195, 195, 195, 195, 195, 195, 195, 195, 195, 195, 195, 195, 195, 195, 239, 195, 239, 239, 239, 239, 239, 239, 239]","[201, 201, 244, 201, 244, 244, 244, 244, 244, 244, 244, 244, 244, 201, 201, 244, 244, 244, 244, 244, 244, 244, 244, 244, 244, 201, 244, 201, 201, 201, 201, 244, 244, 244, 244, 244, 244, 244, 244, 244, 244, 244, 201, 201, 201, 201, 201, 201, 201, 201, 201, 201, 201, 201, 201, 201, 201, 244, 201, 244, 244, 244, 244, 244, 244, 244]",Lysosome/Vacuole
"['MSVSVECVNIC', 'MSVSVECVNIC', 'TKGDG', 'TKGDG', 'TKGDG', 'TKGDG', 'TKGDG', 'TKGDG', 'TKGDG', 'TKGDG', 'TKGDG', 'TKGDG', 'TKGDG', 'TKGDG', 'TKGDG', 'TKGDG', 'TKGDG', 'TKGDG', 'TKGDG', 'TKGDG', 'TKGDG', 'TKGDG', 'TKGDG', 'TKGDG', 'TKGDG', 'TKGDG', 'TKGDG', 'TKGDG', 'TKGDG', 'TKGDG', 'TKGDG', 'TKGDG', 'TKGDG', 'TKGDG', 'TKGDG', 'TKGDG', 'TKGDG', 'TKGDG', 'TKGDG', 'TKGDG', 'TKGDG', 'TKGDG', 'MSVSVECVNIC', 'TKGDG', 'TKGDG', 'TKGDG', 'TKGDG', 'TKGDG', 'TKGDG', 'TKGDG', 'TKGDG', 'TKGDG', 'TKGDG', 'TKGDG', 'TKGDG', 'TKGDG', 'TKGDG', 'TKGDG', 'TKGDG', 'TKGDG', 'TKGDG', 'TKGDG', 'TKGDG', 'TKGDG', 'TKGDG', 'TKGDG', 'TKGDG', 'TKGDG', 'TKGDG', 'TKGDG', 'TKGDG', 'TKGDG', 'TKGDG', 'TKGDG', 'TKGDG', 'TKGDG', 'TKGDG', 'TKGDG', 'TKGDG', 'TKGDG', 'TKGDG', 'TKGDG', 'TKGDG', 'TKGDG', 'TKGDG']","[7, 7, 323, 226, 259, 259, 259, 688, 805, 805, 802, 793, 793, 136, 174, 176, 176, 175, 179, 175, 175, 181, 174, 160, 279, 284, 66, 43, 352, 52, 367, 72, 803, 72, 128, 1076, 1351, 802, 285, 793, 319, 128, 7, 7, 28, 162, 136, 136, 115, 115, 99, 91, 89, 99, 99, 177, 99, 198, 41, 215, 166, 319, 352, 352, 352, 352, 319, 226, 226, 226, 226, 226, 319, 53, 128, 128, 52, 259, 72, 262, 262, 156, 128, 588, 793]","[17, 17, 327, 230, 263, 263, 263, 692, 809, 809, 806, 797, 797, 140, 178, 180, 180, 179, 183, 179, 179, 185, 178, 164, 283, 288, 70, 47, 356, 56, 371, 76, 807, 76, 132, 1080, 1355, 806, 289, 797, 323, 132, 17, 11, 32, 166, 140, 140, 119, 119, 103, 95, 93, 103, 103, 181, 103, 202, 45, 219, 170, 323, 356, 356, 356, 356, 323, 230, 230, 230, 230, 230, 323, 57, 132, 132, 56, 263, 76, 266, 266, 160, 132, 592, 797]","['Plastid', 'Plastid', 'Nucleus', 'Mitochondrion', 'Cytoplasm', 'Cytoplasm', 'Cytoplasm', 'Cell membrane', 'Membrane', 'Membrane', 'Membrane', 'Membrane', 'Membrane', 'Cell outer membrane', 'Cell membrane', 'Cell membrane', 'Cell membrane', 'Cell membrane', 'Cell membrane', 'Cell membrane', 'Cell membrane', 'Cell membrane', 'Cell membrane', 'Cell inner membrane', 'Nucleus', 'Nucleus', 'Golgi apparatus membrane', 'Membrane', 'Periplasm', 'Cell inner membrane', 'Mitochondrion inner membrane', 'Cell inner membrane', 'Cytoplasm', 'Cell inner membrane', 'Cytoplasm', 'Nucleus', 'Membrane', 'Membrane', 'Virion', 'Membrane', 'Cell outer membrane', 'Cytoplasm', 'Plastid', 'Secreted', 'Secreted', 'Cell projection', 'Cell outer membrane', 'Cell outer membrane', 'Endoplasmic reticulum lumen', 'Endoplasmic reticulum lumen', 'Membrane', 'Endoplasmic reticulum lumen', 'Secreted', 'Membrane', 'Membrane', 'Cell membrane', 'Membrane', 'Nucleus', 'Cytoplasm', 'Mitochondrion', 'Cell inner membrane', 'Cell outer membrane', 'Periplasm', 'Periplasm', 'Periplasm', 'Periplasm', 'Cell membrane', 'Mitochondrion', 'Mitochondrion', 'Mitochondrion', 'Mitochondrion', 'Mitochondrion', 'Cell inner membrane', 'Cell membrane', 'Cytoplasm', 'Cytoplasm', 'Cytoplasm', 'Cytoplasm', 'Cell inner membrane', 'Mitochondrion matrix', 'Mitochondrion matrix', 'Cytoplasm', 'Cytoplasm', 'Membrane', 'Membrane']","[6, 6, 19, 19, 19, 19, 19, 19, 19, 19, 19, 19, 19, 19, 19, 19, 19, 19, 19, 19, 19, 19, 19, 19, 19, 19, 19, 19, 19, 19, 19, 19, 19, 19, 19, 19, 19, 19, 19, 19, 19, 19, 6, 19, 19, 19, 19, 19, 19, 19, 19, 19, 19, 19, 19, 19, 19, 19, 19, 19, 19, 19, 19, 19, 19, 19, 19, 19, 19, 19, 19, 19, 19, 19, 19, 19, 19, 19, 19, 19, 19, 19, 19, 19, 19]","[17, 17, 24, 24, 24, 24, 24, 24, 24, 24, 24, 24, 24, 24, 24, 24, 24, 24, 24, 24, 24, 24, 24, 24, 24, 24, 24, 24, 24, 24, 24, 24, 24, 24, 24, 24, 24, 24, 24, 24, 24, 24, 17, 24, 24, 24, 24, 24, 24, 24, 24, 24, 24, 24, 24, 24, 24, 24, 24, 24, 24, 24, 24, 24, 24, 24, 24, 24, 24, 24, 24, 24, 24, 24, 24, 24, 24, 24, 24, 24, 24, 24, 24, 24, 24]",Lysosome/Vacuole
"['MSEHSPEASSTYA', 'KQPNMP']","[1, 2743]","[13, 2748]","['Nucleus', 'Plastid']","[0, 129]","[13, 135]",Endoplasmic.reticulum
"['QKIQNAY', 'QKIQNAY']","[66, 66]","[72, 72]","['Nucleus', 'Nucleus']","[65, 65]","[72, 72]",Lysosome/Vacuole
"['MAVAPSFNMTNPQ', 'PAIEGGISEVEII', 'VDEETK', 'VDEETK', 'VDEETK', 'VDEETK', 'VDEETK', 'VDEETK', 'MAVAPSFNMTNPQ', 'PAIEGGISEVEII', 'VDEETK', 'VDEETK', 'VDEETK', 'VDEETK']","[1, 14, 12, 536, 740, 649, 841, 341, 1, 14, 609, 148, 670, 3]","[13, 26, 17, 541, 745, 654, 846, 346, 13, 26, 614, 153, 675, 8]","['Cell membrane', 'Cell membrane', 'Mitochondrion inner membrane', 'Membrane', 'Cytoplasm', 'Mitochondrion', 'Cytoplasm', 'Nucleus', 'Cell membrane', 'Cell membrane', 'Cell inner membrane', 'Nucleus', 'Nucleus', 'Nucleus']","[0, 13, 29, 29, 29, 29, 29, 29, 0, 13, 29, 29, 29, 29]","[13, 26, 35, 35, 35, 35, 35, 35, 13, 26, 35, 35, 35, 35]",Lysosome/Vacuole
